,player,average_batting_performance_index,average_bowling_performance_index
0,Ashish Reddy,0.194311666320212,4.02723204227676
1,Ayush Badoni,0.3225959759531102,8.094221636021315
2,Ajit Chandila,0.0,5.092757627345946
3,Agni Chopra,0.1160278794142498,0.0
4,Aniket Choudhary,0.1449001236340825,5.2341650056860765
5,Akila Dananjaya,0.0,0.2465613313718794
6,Andrew Flintoff,0.1127512789219768,2.815775326390074
7,Anshul Kamboj,0.0,3.966701925859412
8,Anil Kumble,0.0424016411512788,3.404778502328472
9,Abhinav Manohar,0.203092719628108,0.0
10,Amit Mishra,0.2167413134004661,3.111708349908609
11,Abhimanyu Mithun,0.1162383778574849,1.4179703872849718
12,Abhinav Mukund,0.0194412328641721,0.0
13,Ashish Nehra,0.0153746793862189,3.742243814652603
14,Andre Nel,0.0,1.4975395996225809
15,Anrich Nortje,0.064754155448038,3.0159451086715627
16,Angkrish Raghuvanshi,0.2008998859525667,0.0
17,Anmolpreet Singh,0.0,4.2405921773546185
18,Andrew Symonds,0.3960908028655475,3.718089957048934
19,Amit Uniyal,0.0,4.68773688630785
20,Adam Zampa,0.0778723870392878,4.741970348154374
21,Azhar Bilakhia,0.1339534928151021,0.0
22,Ankeet Chavan,0.0,1.972879341007232
23,Abhishek Jhunjhunwala,0.1680755734338437,0.3087283284438716
24,Ashley Noffke,0.0,6.020177083974664
25,Ajit Agarkar,0.2552021395990697,2.099528859227659
26,Adrian Barath,0.019153950087447,0.0
27,Ashok Dinda,0.0317429871741501,3.0784956100562795
28,Andrew McDonald,0.1028440331287674,4.616229179628005
29,AB de Villiers,0.9902123149267752,0.0
30,Aiden Blizzard,0.2225268665943427,0.0
31,Adam Gilchrist,0.6201084045591423,0.0
32,AC Thomas,0.0,3.2627353370701613
33,Adam Voges,0.2440887985658358,2.1283114837837207
34,Alex Hales,0.1568264389397939,0.0
35,Dimitri Mascarenhas,0.1159359359906285,3.84572562252172
36,Angelo Mathews,0.4139692708861608,2.340594389824325
37,AD Nath,0.0889819680962245,0.0
38,Andre Russell,0.6753801422329768,3.683079844924072
39,Adam Milne,0.042592760339812,4.91966432343327
40,Ali Murtaza,0.0,2.815387565181663
41,Amit Paunikar,0.160440558355346,0.0
42,Aaron Finch,0.5062972398233717,0.6126970868412788
43,Akeal Hosein,0.0,0.7626999854408283
44,Ashton Turner,0.1138114195559299,0.0
45,Andrew Tye,0.1533822393903422,5.307158372404135
46,Aiden Markram,0.5209189837851655,0.718009030601105
47,Ashok Menaria,0.1857596925167922,1.5465140059741522
48,Abhishek Nayar,0.2478575229359245,2.2774131591519926
49,Ajinkya Rahane,0.6852194242289271,0.0
50,Aavishkar Salvi,0.0,3.573278059576281
51,Anwar Ahmed,0.0,3.2993758765091776
52,Aditya Dole,0.2096473353330549,3.5739143362186856
53,Anustup Majumdar,0.1607892371533345,0.0
54,Aditya Tare,0.1823400871139712,0.0
55,Axar Patel,0.4349324977649468,2.373348883205794
56,Alzarri Joseph,0.0,2.828186618772914
57,Ankit Rajpoot,0.0097055493948288,2.9495687850998995
58,Abhishek Raut,0.0980876829268665,0.2031337000797878
59,Anukul Roy,0.0523091106530302,3.508309944152109
60,Ashish Yadav,0.1120987480996712,0.0
61,Nicola Carey,0.0352024981410852,0.0
62,Ambati Rayudu,0.6527560160335457,0.0
63,Haroon Rashid,0.0,3.2263910669666647
64,Asad Pathan,0.0935249803743591,0.2056831656949676
65,Abdul Samad,0.3155716585507819,5.36975339840878
66,Abhishek Sharma,0.4917598142509982,3.080487248222165
67,Abishek Porel,0.325429618932016,0.0
68,Akash Deep,0.0,2.137212169975576
69,Akash Madhwal,0.0,6.0404172502
70,Akash Singh,0.0,2.508195091478988
71,Aman Khan,0.1354859188242188,0.0
72,Anand Rajan,0.0,3.41973109712069
73,Anirudh Singh,0.1554255590011878,0.0
74,Ankit Sharma,0.1438325446268588,1.599167924451156
75,Ankit Soni,0.0,2.468761541227318
76,Anmolpreet Singh,0.1836351035785621,0.0
77,Anuj Rawat,0.0979798639816876,0.0
78,Anureet Singh,0.0418040044773189,1.9931424659031705
79,Arjun Tendulkar,0.0,2.869470280602835
80,Arshad Khan,0.0563073081284851,3.0042176946400025
81,Arshdeep Singh,0.0709447059322851,3.684807798699707
82,Ashutosh Sharma,0.166387387858424,0.0
83,Atharva Taide,0.2252323589106055,0.0
84,Avesh Khan,0.4803230704354783,3.618683196434755
85,Azhar Mahmood,0.2870937821853596,3.920631593240203
86,Azmatullah Omarzai,0.0657005770707331,2.2847554897517366
87,Balachandra Akhil,0.1228754336227392,1.7764042368288635
88,Bharat Chipli,0.1904958534471611,0.0
89,Brett Geeves,0.0,2.253977925765868
90,Baba Aparajith,0.1025550955047106,0.0
91,Bhuvneshwar Kumar,0.1174174175815428,2.6341584369601527
92,Ben Laughlin,0.0,3.747247429152375
93,Brett Lee,0.1871120089510805,2.003726137566554
94,Sai Sudharsan,0.4648819900941929,0.0
95,Billy Stanlake,0.0,3.3959296692800502
96,Bodapati Sumanth,0.0392499733156427,0.0
97,Bhargav Bhatt,0.0,3.92458092429073
98,Ben Stokes,0.3950056826282709,2.088790322797623
99,Ajantha Mendis,0.0,3.757544816287522
100,Brendon McCullum,0.6019822521683812,0.0
101,Biplab Samantray,0.2151648604232821,0.0
102,Barinder Sran,0.0,2.654092154028564
103,Ben Cutting,0.3542585742838532,1.2289583558438129
104,Beuran Hendricks,0.0,5.254292478595416
105,Brad Hodge,0.4616801377255195,4.03724725129322
106,Ben Rohrer,0.1737363600801365,0.0
107,Balapuwaduge Manukulasuriya Amith Jeevan Mendis,0.1049363128347993,4.539589248552329
108,Ben Dunk,0.1320958308359812,0.0
109,Ben Hilfenhaus,0.0,4.832562860788587
110,Basil Thampi,0.0192941601276061,2.8881319282901976
111,Bipul Sharma,0.1849222101406298,3.129904639809622
112,Chris Green,0.4334526806863268,2.4053310231022924
113,Chandan Madan,0.0,0.0
114,Colin Munro,0.1464553701063467,0.0
115,Chetanya Nanda,0.0,7.621129518083283
116,Chetan Sakariya,0.1701074617340787,2.937036112596955
117,Colin de Grandhomme,0.2529595625589951,3.2618179609203453
118,Colin Ingram,0.1316885252767849,0.0
119,Chris Lynn,0.6017500567156919,0.0
120,Cheteshwar Pujara,0.2921868157527256,0.0
121,Chris Gayle,0.9840222248152364,2.9485612189097425
122,Chris Morris,0.2295288540433586,2.891496665744015
123,Corey Anderson,0.293640918416949,3.003031119505488
124,Junior Dala,0.0,0.2477322532497812
125,CJ Ferguson,0.1004842234550941,0.0
126,Chris Jordan,0.184278614506829,2.8619210651437013
127,Clint McKay,0.0,2.080697462962987
128,Chamara Kapugedera,0.0614110391523018,0.0
129,Charl Langeveldt,0.0,6.840550745265093
130,Cameron White,0.3972693155912617,3.907358867285316
131,CM Gautam,0.1912234258866522,0.0
132,Carlos Brathwaite,0.2230480790408894,5.933237077594058
133,Chris Woakes,0.1029061758355536,3.3124272727284576
134,Dilhara Fernando,0.0,6.753419726931563
135,Varun Chakravarthy,0.0749684501691344,2.719703385410391
136,Dewald Brevis,0.1995330097171423,0.0
137,Duan Jansen,0.0,1.0595529455395678
138,Doddapaneni Kalyankrishna,0.0,1.5716022538139642
139,Devdutt Padikkal,0.4380489893706588,0.0
140,Dewald Pretorius,0.2188574511506122,4.588029084465292
141,Dinesh Salunkhe,0.2042151734991386,1.857697011745461
142,David Wiese,0.376747810397139,3.488757730492132
143,Dillon du Preez,0.0,12.68248830878673
144,David Miller,0.6181255492576094,0.0
145,David Warner,0.8955292082744288,0.0
146,John Bracewell,0.0,8.014463371809642
147,Debabrata Das,0.2675111010904321,0.0
148,Ravi Teja,0.1402657992101355,3.6131380875498897
149,Doug Bollinger,0.040438312207613,4.724388387278658
150,Darshan Nalkande,0.0,6.543086694364908
151,Dishant Yagnik,0.2453938552433416,0.0
152,Dwayne Bravo,0.3614897412542626,2.816304033455739
153,DJ Harris,0.1717256023671074,0.2066910985805514
154,Deepak Hooda,0.369414535991331,1.2510262462824338
155,David Hussey,0.4075690025570316,3.151085296647771
156,DJ Jacobs,0.0999667538495296,0.0
157,Dawid Malan,0.1760966339708242,0.0
158,Daryl Mitchell,0.2169092581371314,2.039232806255878
159,Domnic Muthuswami,0.0,7.248264985483927
160,Dominic Thornely,0.2127186198990813,6.344203981977421
161,David Willey,0.1346332297803724,3.0644694003673623
162,Daren Sammy,0.3466424061717438,4.199481848342871
163,D'Arcy Short,0.2696426252462175,5.285462381089382
164,Deepak Chahar,0.2438022881513919,3.5302897626178904
165,Daniel Vettori,0.1733145501695575,2.81819761319241
166,Nuwan Zoysa,0.0,1.0178309787629636
167,Devon Conway,0.5491273438226489,0.0
168,Dirk Nannes,0.0,3.5681808222186238
169,Paidikalva Vijaykumar,0.0,1.853289836603553
170,Mahela Jayawardene,0.4988955587605084,0.0
171,Damien Martyn,0.1681406158666095,0.0
172,DR Sams,0.0269793229378902,5.840483696262725
173,Dhruv Shorey,0.0934950824450291,0.0
174,DR Smith,0.7352505698233792,3.569969320957587
175,DS Kulkarni,0.1389751576792929,2.3850875922712875
176,Jake Lehmann,0.0857324811827832,0.0
177,Dan Christian,0.1899275026671207,2.40186605156892
178,Dale Steyn,0.1717359302897211,2.8536576497437194
179,Dhruv Jurel,0.2258964415849772,0.0
180,Evin Lewis,0.2950977135492579,0.0
181,Eoin Morgan,0.3820611032199272,0.0
182,Faf du Plessis,0.8067699108803225,0.0
183,Fabian Allen,0.0178763985705581,4.072123822456797
184,Fidel Edwards,0.0,4.651644726560525
185,Faiz Fazal,0.3936246751010567,0.0
186,Fazalhaq Farooqi,0.0,1.9546907983356692
187,Gerald Coetzee,0.0301783284235349,4.793576536214545
188,Gautam Gambhir,0.7155503652395646,0.0
189,Brad Hogg,0.175979516308309,3.550235926123825
190,Graeme Smith,0.542932205364786,0.0
191,Hardus Viljoen,0.0,3.3438179045202427
192,Glenn McGrath,0.0,2.5058763611616426
193,Glenn Phillips,0.124531395136477,4.7595398507282685
194,Hanuma Vihari,0.1753464771092144,4.348479852914938
195,George Garton,0.0,1.0482882676894445
196,George Bailey,0.3934860344676745,0.0
197,Glenn Maxwell,0.5771630422118834,3.4993735337580123
198,Graham Napier,0.0,5.73889320220842
199,Gurinder Sandhu,0.0,0.6691448414550396
200,Gagandeep Singh,0.0,1.956703933956507
201,Gurkeerat Singh Mann,0.3179848062720092,3.1306703524909016
202,Gurnoor Brar,0.0,0.2423389130012328
203,Heinrich Klaasen,0.6251525819619682,0.0
204,Himanshu Sharma,0.0,0.2510273252925007
205,Harry Brook,0.1065246475646962,0.0
206,Rassie van der Dussen,0.0,0.0
207,Harry Gurney,0.0,3.683558673898777
208,Herschelle Gibbs,0.4074988067670089,0.0
209,Hardik Pandya,0.6040303353491405,2.711874129272385
210,Hashim Amla,0.3086194627027661,0.0
211,Hrithik Shokeen,0.1333204082785869,2.007713559703375
212,Harshal Patel,0.1759718007975069,2.833987701348448
213,Harbhajan Singh,0.2923378293036492,3.4991416520828804
214,Harmeet Singh,0.0,4.410505609732188
215,Harpreet Brar,0.2642769263446873,3.588086445339696
216,Harpreet Singh,0.1744637275946554,0.0
217,Harshit Rana,0.0,4.778158277451841
218,Ishant Sharma,0.0119609532344584,2.398908769238697
219,Isuru Udana,0.0,2.297839532673565
220,Ishwar Pandey,0.0,2.4321707799200465
221,Abishek Porel,0.0,8.629945093929896
222,Irfan Pathan,0.3453081160442958,2.1884626097203457
223,Ishank Jaggi,0.1251292482319216,0.0
224,Ish Sodhi,0.0,4.904301136569897
225,Imran Tahir,0.0877477800046338,3.219370148396796
226,Iqbal Abdulla,0.652754456594416,3.226265192015055
227,Ishan Kishan,0.6235585211298902,0.0
228,Jagadeesh Arunkumar,0.2398403733667544,0.0
229,Johan Botha,0.2042881207113925,2.439287668423261
230,Jake Fraser-McGurk,0.3921433120757229,0.0
231,Josh Little,0.0,3.951131712135832
232,Jagadeesha Suchith,0.0707863890122689,4.322442042290693
233,Jamaluddin Syed Mohammad,0.238594612220201,2.380025000297788
234,Rusty Theron,0.0,4.53320923948627
235,Jayant Yadav,0.3549707459460074,1.2102546517926531
236,Morne Morkel,0.3859124128430309,2.555410338891878
237,Jhye Richardson,0.0496617441240602,2.929233246301686
238,JC Archer,0.1522798869542867,3.3820741956372498
239,Jos Buttler,0.824461806262207,0.0
240,Jesse Ryder,0.3365960844642339,2.6293288602497795
241,Jaydev Unadkat,0.231501257068232,2.854433248793501
242,Jacob Oram,0.0732566416085962,2.8878371052185914
243,James Neesham,0.128124067152275,2.531555024981905
244,Jerome Taylor,0.0,3.035594706848109
245,James Franklin,0.2383592248627396,4.233878847399699
246,Jacques Kallis,0.5746918852787728,2.0212955836894566
247,Jasprit Bumrah,0.0583630215115004,3.139867401344876
248,Jason Roy,0.3229242288387468,0.0
249,Johan van der Wath,0.0,4.988364691565509
250,James Pattinson,0.0,4.039327363836191
251,David Bairstow,0.6743580719444928,0.0
252,John Kemp,0.2613980167145723,4.0256228620816525
253,Jitesh Sharma,0.3432336910276978,0.0
254,Jason Holder,0.1357068214744319,2.8345729614445063
255,Jason Behrendorff,0.0,4.59205425187626
256,Jean-Paul Duminy,0.6586754128834486,1.8000442197386457
257,James Faulkner,0.2795103997150387,2.142423361876919
258,Javon Searles,0.0,0.995263370317068
259,Josh Hazlewood,0.0,4.648494275725329
260,James Hopes,0.2307744917039846,2.221656064510477
261,Josh Philippe,0.114278133889709,0.0
262,John Hastings,0.0,3.5824874578527712
263,Jatin Saxena,0.0,0.2393266041390195
264,Jaskaran Singh,0.0,4.651596028256567
265,Joginder Sharma,0.0533815494228152,3.941608765914438
266,Karan Goel,0.280902076616163,0.2384016193933811
267,Krishnappa Gowtham,0.1522076785191813,2.449547061885512
268,Kumar Kartikeya,0.0,2.690684820789012
269,Kulwant Khejroliya,0.0,1.5198396643575849
270,Kagiso Rabada,0.1705920533176972,3.2826519508177703
271,Krishmar Santokie,0.0,5.13944847672917
272,Krishnakant Upadhyay,0.0,0.2205348098022368
273,Kuldeep Yadav,0.0,1.7769965596556114
274,Kyle Jamieson,0.1330968250248089,3.7960712369462937
275,Keshav Maharaj,0.0,3.863067898133305
276,Kieron Pollard,0.7274198700872849,2.8125214500269373
277,Kemar Roach,0.0,0.1961471415488612
278,Arun Karthik,0.139937332773948,0.0
279,KC Cariappa,0.010728537276113,2.755107852872638
280,Kumar Sangakkara,0.5144142532462828,0.0
281,Dinesh Karthik,0.6692968850924614,0.0
282,Hardik Pandya,0.5415263023643558,3.0469026559967998
283,Kyle Abbott,0.0,4.466025175082995
284,Khaleel Ahmed,0.0,3.3649349940584186
285,Kevon Cooper,0.2206614498078539,2.9980207607127465
286,Karun Nair,0.5079588955919339,0.0
287,Kamlesh Nagarkoti,0.035661966645057,3.0258038480440623
288,KL Rahul,0.9930843472604184,0.0
289,KM Asif,0.0,4.287469758194033
290,KM Jadhav,0.3685677820989575,0.0
291,Keemo Paul,0.1104809099930962,3.011671992035563
292,Nuwan Kulasekara,0.0,3.690810455651905
293,KP Appanna,0.0,3.978732947576571
294,Kevin Pietersen,0.472284890015671,3.8992486908136734
295,Kyle Mayers,0.2693338598593064,0.2284514023092222
296,Khokhan Sen,0.0,6.5488446716237965
297,Srikar Bharat,0.2249524232965142,0.0
298,KS Sharma,0.1084020594920154,0.0
299,Kane Williamson,0.657132541616509,0.2123430969604273
300,Kwena Maphaka,0.0,0.7485476799839321
301,Karn Sharma,0.2725225514986058,3.649747498206984
302,Kane Richardson,0.06892864859174,4.872315818950556
303,Kamran Akmal,0.1573319164104054,0.0
304,Kamran Khan,0.0,6.294793064680284
305,Karanveer Singh,0.0,3.2321747842558857
306,Kartik Tyagi,0.0,2.321071177311014
307,Kuldeep Yadav,0.0724143015792344,2.655482794014694
308,Love Ablish,0.0,6.029026868014316
309,Lakshmipathy Balaji,0.0533516717410852,2.723863022406602
310,Lungi Ngidi,0.0,4.141065205030546
311,Luke Ronchi,0.0685240054410948,0.0
312,Luke Wood,0.0,0.5294312731860525
313,Lee Andrew Carseldine,0.137163031608598,0.0
314,Luke Pomersbach,0.2946012996166722,0.0
315,Lizaad Williams,0.0,3.975679820506869
316,Liam Plunkett,0.0,2.1915287065847724
317,Lockie Ferguson,0.1302960905759395,3.6326893520496912
318,Lukman Meriwala,0.0,1.2659237524516045
319,Luke Wright,0.4536002670058809,3.31607152621451
320,Phil Simmons,0.5449871401206564,0.9763233459937256
321,Lindamlilage Prageeth Chamara Silva,0.0395512444082566,0.0
322,Laxmi Shukla,0.3027366431707112,2.8482652508817683
323,Ross Taylor,0.3867273194923203,0.0
324,Liam Livingstone,0.3895561709624699,3.700852070538682
325,Lalit Yadav,0.1879065193370898,4.436082836802113
326,Murugan Ashwin,0.0815102171548106,3.0358774043381573
327,Marco Jansen,0.13731665384073,4.43222943635711
328,Mohammad Kaif,0.1565489937487403,0.0
329,Murali Kartik,0.0719420590344058,2.196461127607724
330,Michael Klinger,0.0347339558279923,0.0
331,Mithun Manhas,0.2151966586601671,0.221606401859406
332,Mayank Markande,0.2376739346276714,2.783104804588956
333,Morne Morkel,0.1457452410785187,3.153392360137107
334,Muthiah Muralidaran,0.0207590311119595,3.135862212634234
335,Makhaya Ntini,0.6937880454712138,3.961978550942493
336,Matheesha Pathirana,0.0,4.595174848186268
337,Prasidh Krishna,0.0,2.77216635609335
338,Mayank Rawat,0.0384558342352106,0.0
339,M Shahrukh Khan,0.2471934509348019,0.0
340,Manimaran Siddharth,0.0,1.193138675766505
341,Maheesh Theekshana,0.0,3.506803146992349
342,Murali Vijay,0.5279319695532282,0.2380973315397053
343,Manan Vohra,0.3518132780852723,0.0
344,Marchant de Lange,0.0,4.403040871557472
345,Mayank Agarwal,0.5046758732817829,0.0
346,Musavir Khote,0.1614398292098447,2.0831440433388773
347,Mitchell Starc,0.1823814820649862,4.136109898171023
348,MA Wood,0.0,5.912001204374553
349,MB Parmar,0.0,0.2532197501403705
350,Moises Henriques,0.3614175617029065,2.869077383866856
351,Manprit Juneja,0.172748596882266,0.0
352,MD Mishra,0.230963563605822,0.0
353,Dasun Shanaka,0.0333334559268864,0.0
354,Michael Hussey,0.5697054905089186,0.0
355,Farveez Maharoof,0.2771780919025373,5.48051649542189
356,Doug Bracewell,0.0578649073374591,10.247940519596922
357,Mitchell Johnson,0.2351691012899653,3.22379549011952
358,Michael Neser,0.0,0.2462205468049686
359,Michael Clarke,0.2717899293237176,4.6141076816862086
360,Martin Guptill,0.2023360677218728,0.0
361,Matt Henry,0.0,2.234618963069464
362,Michael Lumb,0.2964983307726452,0.0
363,Mitchell McClenaghan,0.0548705074980376,2.972378084569051
364,Mitchell Santner,0.2559919086326586,4.701965751446906
365,Mahipal Lomror,0.3100915016600614,0.8446657956093508
366,MK Pandey,0.5601590695769628,0.0
367,Manoj Tiwary,0.5073383104103049,1.6167179417946411
368,Matthew Hayden,0.5672216162783148,0.0
369,Moeen Ali,0.3999136159512264,3.755722964907989
370,Munaf Patel,0.0084033796781672,2.996295257900253
371,Mohit Sharma,0.0700306489810409,3.188538278509751
372,Marlon Samuels,0.1577408771366519,3.058294557771494
373,Morne van Wyk,0.3421018750015935,0.0
374,Marcus Stoinis,0.6949326890378227,1.967065208180396
375,MP Yadav,0.0,9.36842314198485
376,Shaun Marsh,0.2854045950309734,4.558027690458392
377,Manvinder Bisla,0.3916282571605922,0.0
378,MS Dhoni,0.8039220377649041,0.0
379,Manpreet Gony,0.1058124191452183,2.488080701583294
380,Matthew Wade,0.1432378540799693,0.0
381,Mark Boucher,0.2437257419944589,0.0
382,Matthew Short,0.095479727601666,0.276696830176959
383,Mandeep Singh,0.4014174734110816,0.0
384,Mashrafe Mortaza,0.0,8.292991149844443
385,Mayank Dagar,0.0,1.3087247111020113
386,Misbah-ul-Haq,0.1210622020645921,0.0
387,Mohammad Asif,0.0,2.5695875593233546
388,Mohammad Hafeez,0.1323292998505287,1.6754366796954254
389,Mohammad Nabi,0.2034345302717904,3.951115753018913
390,Mohammed Shami,0.0665100059401334,2.928464541395606
391,Mohammed Siraj,0.2080031224201208,2.421837801837564
392,Mohsin Khan,0.020489981803698,4.18231615039714
393,Mujeeb Ur Rahman,0.0,3.693712306552656
394,Mukesh Choudhary,0.0,5.628585215259215
395,Mukesh Kumar,0.0363448630702365,3.75843385830349
396,Mustafizur Rahman,0.0361613811290598,4.046098791225793
397,Nandre Burger,0.0,6.746987761532561
398,Narayan Jagadeesan,0.1583346251582847,0.0
399,Nicholas Pooran,0.5444382185239764,0.0
400,Nahid Rana,0.5644305588300514,4.448671244461452
401,Nitin Saini,0.1671763568185738,0.0
402,Nuwan Thushara,0.0,2.8122983474779284
403,Nehal Wadhera,0.2781263751093351,0.0
404,NB Singh,0.0,6.620386289337903
405,Nayan Doshi,0.0,3.7973121971037935
406,Nic Maddinson,0.1033301844698318,0.0
407,Nathan Rimmington,0.0,0.1795266964220963
408,NK Patel,0.0831527208858516,0.0
409,Brendon McCullum,0.0505717485521486,0.1937765617032716
410,Thisara Perera,0.2169647250234618,3.183420602054935
411,Nathan Coulter-Nile,0.0981843939597485,4.066655994523826
412,NS Naik,0.0570501923862984,0.0
413,Nathan Ellis,0.1008191220998307,4.235860656748667
414,Naman Ojha,0.4374323955035725,0.0
415,Naman Dhir,0.1535802769101886,0.2465253865396572
416,Navdeep Saini,0.0836206386155201,2.59058470754541
417,Naveen-ul-Haq,0.136859711100457,2.60559431623701
418,Nitish Kumar Reddy,0.3167863387666483,3.4254233825944205
419,Noor Ahmad,0.0410407442816509,4.985229970336824
420,Oshane Thomas,0.0,3.824819034670908
421,Owais Shah,0.3155904959800459,0.0
422,Obed McCoy,0.0,4.490655817973619
423,Odean Smith,0.0236325140801604,4.648691554859533
424,Palani Amarnath,0.0,2.1365166437870577
425,Parvinder Awana,0.0,3.695312226242484
426,Paras Dogra,0.197146558033675,0.0
427,Praveen Dubey,0.0713626560155493,0.6297124403331866
428,Parveen Kumar,0.1808096427786257,2.467897466604065
429,Pawan Negi,0.2475113804802123,3.416014706512665
430,P Parameswaran,0.0,3.5115252848735072
431,Prayas Ray Barman,0.0,0.2792490059937095
432,Pardeep Sahu,0.0,1.2163561410050538
433,Prabhsimran Singh,0.3759767463389897,0.0
434,Pawan Suyal,0.0,2.5936827332835204
435,Parthiv Patel,0.587640562429677,0.0
436,PA Reddy,0.1900608280348937,0.0
437,Bhanuka Rajapaksa,0.401800701634486,0.0
438,Paul Valthaty,0.317371873012885,1.9391305422294869
439,Paul Collingwood,0.0261919746830981,2.5477655788893285
440,Phil Salt,0.4188986921445708,0.0
441,Prashant Solanki,0.0,2.597236244333599
442,Pat Cummins,0.3618748209896505,2.0430195867108734
443,Pradeep Sangwan,0.0306080470280971,2.670956664092703
444,Priyam Garg,0.2049463743554317,0.0
445,PM Sarvesh Kumar,0.0,5.459265766767059
446,Prerak Mankad,0.0888593781738956,0.0
447,Piyush Chawla,0.244746471359139,3.2211351107746684
448,Pragyan Ojha,0.0367225666314563,2.44619651094392
449,Prithvi Shaw,0.5144598418169066,0.0
450,PR Shah,0.1112809998748943,0.0
451,Pravin Tambe,0.0377695025170673,2.8999308608678804
452,Dushmantha Chameera,0.2413521268892626,1.4326191015626255
453,P De Silva,0.0981120123949473,4.552379989929831
454,Pankaj Singh,0.0,2.4338185229251343
455,Parvez Rasool,0.1026571470497945,1.788366277420716
456,Quinton de Kock,0.736820229045565,0.0
457,Ravichandran Ashwin,0.3027660669984907,2.710533572924613
458,Rajat Bhatia,0.2139558544601272,2.912467508403596
459,Rishi Dhawan,0.1658849681780219,1.8615660133785168
460,Rahul Dravid,0.752819068232181,0.0
461,Rajinder Goel,0.0,0.2564946634553818
462,Ryan McLaren,0.0760491411732952,2.910035208654188
463,Ryan Ninan,0.0,2.109927135679256
464,Riyan Parag,0.460093599838746,2.2031693396534564
465,Ricardo Powell,0.1961689716390977,3.3756114637344306
466,Ravi Rampaul,0.1126803251459518,5.573838991909618
467,Rachin Ravindra,0.1716335141670854,0.0
468,Sai Kishore,0.0,5.168426154032958
469,Rajagopal Sathish,0.1131491407195275,3.8416116167493337
470,Rohit Sharma,0.0487469619560888,3.348851700663782
471,Romario Shepherd,0.1701389873451532,3.2302367376769783
472,Ravikant Shukla,0.1205920468761959,5.450227065817328
473,Rahul Tewatia,0.4208763032188914,3.044815180594929
474,Vinay Kumar,0.1871884071972298,3.3007345599356084
475,Ravindra Jadeja,0.5710177574684823,2.226764723385617
476,Rahul Tripathi,0.6277473353982713,0.0
477,Rahul Chahar,0.1381952861651071,3.236185948598516
478,Ruturaj Gaikwad,0.7746708929477287,0.0
479,Richard Levi,0.1094100850736743,0.0
480,Roelof van der Merwe,0.2717495716282235,4.709781623655293
481,Ronit More,0.0,4.562252822774895
482,Rohit Sharma,0.8039935558504251,3.6088241959157448
483,Richard Gleeson,0.0,0.6274471437831226
484,RJ Harris,0.1059949197724332,3.5869241775102028
485,RJ Peterson,0.0546585960675003,3.981568207885569
486,Rob Quiney,0.1039961448123499,0.0
487,Peter Topley,0.0,5.120719198729285
488,Ricky Bhui,0.0210675336737868,0.0
489,RK Singh,0.5613068875001186,0.0
490,Rajat Patidar,0.4115330648140231,0.0
491,Ryan ten Doeschate,0.2347664855301342,2.314554894344222
492,Riley Meredith,0.0,2.8132566868378626
493,R.P.Singh,0.0791952290091291,2.5245130357351333
494,Rishabh Pant,0.7645909099300531,0.0
495,Ramesh Powar,0.0885985080041938,2.629379016410782
496,Rohan Raje,0.0,1.9309484088446291
497,Rilee Rossouw,0.2609428185815113,0.0
498,Ramnaresh Sarwan,0.1302891586203244,0.0
499,Ravi Bopara,0.3909652946875581,4.694031427469749
500,Rajvardhan Hangargekar,0.0,2.840069373940336
501,Ricky Ponting,0.104059929169199,0.0
502,Raiphi Gomez,0.1145627690365917,6.13493188644643
503,RV Patel,0.3249250965350334,0.2406019784121974
504,Robin Uthappa,0.7552012219474451,0.0
505,Ray Price,0.0,0.214755871238427
506,Rahmanullah Gurbaz,0.2971253634586528,0.0
507,Ramandeep Singh,0.2236320550592967,5.737823460598776
508,Rashid Khan,0.3916131511187564,3.1289449615656624
509,Rasikh Salam,0.0722533154085412,1.8054808233768689
510,Ravi Bishnoi,0.05027588787831,2.5797443126956643
511,Srikkanth Anirudha,0.2440794892113794,0.0
512,S Aravind,0.0583914237613046,5.082641068690767
513,Samuel Badree,0.0353068831881391,4.1113607306795625
514,S Badrinath,0.4843245948054249,0.0
515,Tagenarine Chanderpaul,0.1649950436919487,0.0
516,Shikhar Dhawan,0.8976246445266816,4.132593379673282
517,Shivam Dube,0.5126419834732479,4.101851321593583
518,Shreyas Gopal,0.1809320903308392,3.5085284467195024
519,Sijomon Joseph,0.0,0.20792321794898
520,Siddarth Kaul,0.0,2.6411175246362184
521,Shivil Kaushik,0.0,4.8171887261919775
522,Sarabjit Ladda,0.0,0.9884590502481638
523,Sandeep Lamichhane,0.0,3.4384811354346416
524,Shahbaz Nadeem,0.0277877513816488,2.6706154636212576
525,Sumit Narwal,0.1593814258795673,4.512461258106843
526,Sachin Rana,0.1701218630670027,0.0
527,Suraj Randiv,0.0,3.9342396460558535
528,Sandeep Warrier,0.0,4.546739941476129
529,Sunny Sohal,0.3285042901423589,0.0
530,Sreesanth,0.0,2.3526137420078213
531,Sridharan Sriram,0.0320221719420478,0.2204339442151038
532,Sudeep Tyagi,0.0,3.094585727082437
533,Vidyut Sivaramakrishnan,0.2463786135738566,0.0
534,Kyle Abbott,0.1087966273459569,0.5329479621209643
535,Swapnil Asnodkar,0.2335281869130387,0.0
536,SA Yadav,0.7256942961813917,0.0
537,Sanjay Bangar,0.0714986824934691,2.338646204502326
538,Shubham Dubey,0.214083741486049,0.0
539,Shadab Jakati,0.3762850044563586,2.4489551864644006
540,SB Joshi,0.0,0.4935153313237037
541,Scott Styris,0.2109083328091346,3.937744811716615
542,SB Wagh,0.0,4.637918920556959
543,Sourav Ganguly,0.4678022440613911,2.718658341245672
544,Scott Kuggeleijn,0.0,1.8416270476639351
545,Siddharth Dilip Chitnis,0.1979867425192898,3.529904826875124
546,Shai Hope,0.3366596100753006,0.0
547,SE Bond,0.0,4.098510699136249
548,Shaun Marsh,0.5516392784859697,0.0
549,Sherfane Rutherford,0.2085140158472199,3.768822501818498
550,Spencer Johnson,0.0,1.503473518260847
551,SJ Srivastava,0.0,3.857938335263273
552,Suresh Raina,0.8015912387873467,1.9075228942943607
553,Siddharth Trivedi,0.0584610452696242,2.4171172125728964
554,Shane Warne,0.0908053653432693,3.236325619935191
555,Lasith Malinga,0.1266895807475632,3.473406875149589
556,Scott Boland,0.0,3.98074176210341
557,Sam Curran,0.3643165534291253,2.578489294841808
558,Shane Harwood,0.0,3.06899628907405
559,Simon Katich,0.1271415695090301,0.0
560,Graeme Pollock,0.1408400613236917,3.5140378112519097
561,Sachithra Senanayake,0.0,3.9108924157761176
562,Musheer Khan,0.3020234348546693,0.0
563,Shardul Thakur,0.1744034154918068,2.0494175905552194
564,Shimron Hetmyer,0.420639718638935,0.0
565,Stephen Fleming,0.3134513064127491,0.0
566,SP Goswami,0.1776837270314753,0.0
567,Sheldon Jackson,0.104743200580199,0.0
568,Sunil Narine,0.4212078325624859,3.146291992715626
569,Steven Smith,0.6574300491083899,0.0
570,Sachin Tendulkar,0.7063749093856061,0.2071209755908659
571,Shane Watson,0.6780712127110282,2.394201438672812
572,SS Agarwal,0.0,1.4990332021582022
573,Sheldon Cottrell,0.0,8.67379911413607
574,Shreyas Iyer,0.7406867987326958,0.0
575,Suyash Prabhudessai,0.1214415580134145,0.0
576,SS Sarkar,0.0,4.154660613569849
577,Saurabh Tiwary,0.4337831922567255,0.0
578,Sisanda Magala,0.0,3.053557949140171
579,Sanath Jayasuriya,0.4655705953265976,3.658098690752618
580,Stuart Binny,0.3268983242175721,2.716395048021174
581,Sanju Samson,0.6985765975745616,0.0
582,Sam Billings,0.2972345672913747,0.0
583,Shaun Tait,0.027443447984428,3.2540724831105488
584,Shams Mulani,0.0,0.2502691700875371
585,Sachin Baby,0.1060037814697081,0.0
586,Salman Butt,0.4307170806884536,0.0
587,Sameer Rizvi,0.0732436041566528,0.0
588,Sandeep Sharma,0.1225608635413754,2.5688000419966657
589,Sanvir Singh,0.0,0.0
590,Shahbaz Ahmed,0.3263517396688129,2.249272101180301
591,Shahid Afridi,0.0690987456552158,5.104025562413628
592,Shakib Al Hasan,0.2752058178211957,3.0368930071200526
593,Shashank Singh,0.1492204194267276,5.082014094116544
594,Shivam Mavi,0.1245954338869057,3.021505289753605
595,Shivam Sharma,0.0,3.6482784028196944
596,Shoaib Ahmed,0.0,3.038658313185806
597,Shoaib Akhtar,0.0,15.033840590053211
598,Shoaib Malik,0.0446698830298078,3.298461287394262
599,Shubman Gill,0.8814047318671311,0.0
600,Sikandar Raza,0.2000018610984452,4.563454611069959
601,Simarjeet Singh,0.0,5.056181994092472
602,Sohail Tanvir,0.0594235885400339,6.231474649173471
603,Sumit Kumar,0.1503511109559585,0.180559702868097
604,Sunny Gupta,0.0,0.2548968479720108
605,Sunny Singh,0.04773266146536,0.0
606,Suyash Sharma,0.0,5.367131876104097
607,Swapnil Singh,0.0922050014949018,3.8673960770686393
608,Tom Banton,0.3013863197296515,0.0
609,T Henderson,0.0,1.672409019232185
610,Tom Kohler-Cadmore,0.0931044413455412,0.0
611,Taruwar Kohli,0.089898708005206,0.0
612,T Natarajan,0.0,2.6494645942652983
613,Tabraiz Shamsi,0.0,0.9354071021617216
614,Tristan Stubbs,0.3082166694344944,7.332238616231357
615,Tatenda Taibu,0.0869530765160796,0.0
616,Nuwan Thushara,0.0848108918339435,4.602340105847338
617,Trent Boult,0.1079234059697344,2.367605529826621
618,Tim Paine,0.0960063746356229,0.0
619,Tim Southee,0.1695598151093535,3.381880089330933
620,Tim David,0.5419274629977734,0.0
621,Kevin Curran,0.1727111508940977,2.892841714591476
622,Tim Seifert,0.0884670965528314,0.0
623,Tirumalasetti Suman,0.2487618097467805,2.9620653891764808
624,Tillakaratne Dilshan,0.4740364557634107,2.034149707810363
625,Travis Head,0.3799627465348528,3.068858219455595
626,TP Sudhindra,0.0,3.305439662092612
627,Travis Birt,0.2848940373173007,0.0
628,Tymal Mills,0.0,3.395039010926742
629,Tushar Deshpande,0.0,3.16665031058316
630,Tanush Kotian,0.0381853760237659,0.0
631,Tejas Baroka,0.0,0.252949223691238
632,Tilak Varma,0.6774248291547631,0.2389291701427929
633,Unmukt Chand,0.2335873242331116,0.0
634,Usman Khawaja,0.122715512024337,0.0
635,Umesh Yadav,0.0410588991309987,2.2447374860312523
636,Umar Gul,0.0828362148283428,7.0349927317557945
637,Umran Malik,0.0,3.739482405114331
638,Vidwath Kaverappa,0.0,12.159936209250729
639,Virat Kohli,1.0741314048554933,2.5877434699770507
640,Veer Pratap Singh,0.0,2.657301141431807
641,Virender Sehwag,0.7362375741617633,2.331508849357664
642,Vijay Shankar,0.4226220993025301,3.556382261268029
643,Vijayakanth Viyaskanth,0.0,0.4104716360266872
644,Vaibhav Arora,0.0,3.492556555034468
645,Vijay Zol,0.0592961729615477,0.0
646,Varun Aaron,0.1059919705738747,3.0356800696869346
647,VR Iyer,0.4862656197716222,2.8444369237137077
648,Vikram Singh,0.0,1.7583064964880142
649,VS Malik,0.0,2.7072742462533785
650,Vikrant Yeligati,0.0,0.2544144541589797
651,VVS Laxman,0.1924015250100005,0.0
652,Yo Mahesh,0.127089530545142,3.5221992426587576
653,Vijaykumar Vyshak,0.0,3.676485260195826
654,Virat Singh,0.1049151011562219,0.0
655,Vishnu Vinod,0.1238033320595676,0.0
656,Vivrant Sharma,0.10925059219503,0.2516400000915806
657,Armaan Jaffer,0.1593839301549701,0.0
658,Wilkin Mota,0.1545581469641571,5.8922806356610335
659,Wayne Parnell,0.1613625478670421,3.147869045275257
660,Will Jacks,0.2905335355857822,1.0585773611580909
661,Wriddhiman Saha,0.5328834244002337,0.0
662,Chaminda Vaas,0.0660517067663545,5.285708162245969
663,Washington Sundar,0.277149329636694,2.398004258825166
664,Gnaneswara Rao,0.2169687678617148,0.0
665,Yogesh Nagar,0.2617236610780221,5.4373573280780585
666,Prithviraj,0.0,1.1480656890148608
667,Gnaneswara Rao,0.4899098715454854,2.571163168433169
668,Yusuf Abdulla,0.0,5.708151845051245
669,Tejasvi Jaiswal,0.5477867232235386,0.0
670,Yusuf Pathan,0.6747517784092684,3.0620912763538755
671,Yuzvendra Chahal,0.0433825441796881,2.777185932261971
672,Yash Dhull,0.1177529440554449,0.0
673,Yogesh Takawale,0.1447496486629135,0.0
674,Yash Dayal,0.0,3.542871709811344
675,Yash Thakur,0.0,3.4551609606932425
676,Yashpal Singh,0.1737762277141858,0.0
677,Yudhvir Singh,0.0,4.90209990761549
678,Yuvraj Singh,0.5635776432818395,2.6814852279257995
679,Zahir Khan,0.0712432674271431,2.3878693934342325
